theta,suc_DP,suc_BDP,eps_DP,eps_BDP
0.38,0.006178,0.006178,-5.080563521677761,-5.080563521677761
